<?xml version="1.0" encoding="utf-8"?>
<odoo>
    <data noupdate="1">
<!--        Hospital Patient Appointment Sequence-->
        <record id="hospital_appointment_seq" model="ir.sequence">
            <field name="name">Patient Appointment</field>
            <field name="code">patients.appointment</field>
            <field name="prefix">HP/AP/</field>
            <field name="padding">3</field>
            <field name="number_next">1</field>
            <field name="number_increment">1</field>
        </record>
    </data>
</odoo>