<?xml version="1.0" encoding="utf-8"?>
<odoo>
    <data noupdate="1">
<!--        Doctor Sequence Number-->
        <record id="doctor_seq" model="ir.sequence">
            <field name="name">Doctor Sequence</field>
            <field name="code">doctor.appointment</field>
            <field name="prefix">DOC/</field>
            <field name="padding">3</field>
            <field name="number_next">1</field>
            <field name="number_increment">1</field>
        </record>
    </data>
</odoo>